sepal length (cm),sepal width (cm),petal length (cm),petal width (cm),target
9.18,6.3,2.52,0.36000000000000004,0
8.82,5.4,2.52,0.36000000000000004,0
8.46,5.760000000000001,2.3400000000000003,0.36000000000000004,0
8.28,5.58,2.7,0.36000000000000004,0
9.0,6.48,2.52,0.36000000000000004,0
9.72,7.02,3.06,0.7200000000000001,0
8.28,6.12,2.52,0.54,0
9.0,6.12,2.7,0.36000000000000004,0
7.920000000000001,5.22,2.52,0.36000000000000004,0
8.82,5.58,2.7,0.18000000000000002,0
9.72,6.66,2.7,0.36000000000000004,0
8.64,6.12,2.8800000000000003,0.36000000000000004,0
8.64,5.4,2.52,0.18000000000000002,0
7.74,5.4,1.9800000000000002,0.18000000000000002,0
10.44,7.2,2.16,0.36000000000000004,0
10.26,7.920000000000001,2.7,0.7200000000000001,0
9.72,7.02,2.3400000000000003,0.7200000000000001,0
9.18,6.3,2.52,0.54,0
10.26,6.84,3.06,0.54,0
9.18,6.84,2.7,0.54,0
9.72,6.12,3.06,0.36000000000000004,0
9.18,6.66,2.7,0.7200000000000001,0
8.28,6.48,1.8,0.36000000000000004,0
9.18,5.9399999999999995,3.06,0.9,0
8.64,6.12,3.42,0.36000000000000004,0
9.0,5.4,2.8800000000000003,0.36000000000000004,0
9.0,6.12,2.8800000000000003,0.7200000000000001,0
9.360000000000001,6.3,2.7,0.36000000000000004,0
9.360000000000001,6.12,2.52,0.36000000000000004,0
8.46,5.760000000000001,2.8800000000000003,0.36000000000000004,0
8.64,5.58,2.8800000000000003,0.36000000000000004,0
9.72,6.12,2.7,0.7200000000000001,0
9.360000000000001,7.38,2.7,0.18000000000000002,0
9.9,7.5600000000000005,2.52,0.36000000000000004,0
8.82,5.58,2.7,0.36000000000000004,0
9.0,5.760000000000001,2.16,0.36000000000000004,0
9.9,6.3,2.3400000000000003,0.36000000000000004,0
8.82,6.48,2.52,0.18000000000000002,0
7.920000000000001,5.4,2.3400000000000003,0.36000000000000004,0
9.18,6.12,2.7,0.36000000000000004,0
9.0,6.3,2.3400000000000003,0.54,0
8.1,4.14,2.3400000000000003,0.54,0
7.920000000000001,5.760000000000001,2.3400000000000003,0.36000000000000004,0
9.0,6.3,2.8800000000000003,1.08,0
9.18,6.84,3.42,0.7200000000000001,0
8.64,5.4,2.52,0.54,0
9.18,6.84,2.8800000000000003,0.36000000000000004,0
8.28,5.760000000000001,2.52,0.36000000000000004,0
9.54,6.66,2.7,0.36000000000000004,0
9.0,5.9399999999999995,2.52,0.36000000000000004,0
12.6,5.760000000000001,8.46,2.52,1
11.520000000000001,5.760000000000001,8.1,2.7,1
12.420000000000002,5.58,8.82,2.7,1
9.9,4.14,7.2,2.3400000000000003,1
11.700000000000001,5.04,8.28,2.7,1
10.26,5.04,8.1,2.3400000000000003,1
11.34,5.9399999999999995,8.46,2.8800000000000003,1
8.82,4.32,5.9399999999999995,1.8,1
11.879999999999999,5.22,8.28,2.3400000000000003,1
9.360000000000001,4.86,7.02,2.52,1
9.0,3.6,6.3,1.8,1
10.620000000000001,5.4,7.5600000000000005,2.7,1
10.8,3.9600000000000004,7.2,1.8,1
10.98,5.22,8.46,2.52,1
10.08,5.22,6.48,2.3400000000000003,1
12.06,5.58,7.920000000000001,2.52,1
10.08,5.4,8.1,2.7,1
10.44,4.86,7.38,1.8,1
11.16,3.9600000000000004,8.1,2.7,1
10.08,4.5,7.02,1.9800000000000002,1
10.620000000000001,5.760000000000001,8.64,3.24,1
10.98,5.04,7.2,2.3400000000000003,1
11.34,4.5,8.82,2.7,1
10.98,5.04,8.46,2.16,1
11.520000000000001,5.22,7.74,2.3400000000000003,1
11.879999999999999,5.4,7.920000000000001,2.52,1
12.24,5.04,8.64,2.52,1
12.06,5.4,9.0,3.06,1
10.8,5.22,8.1,2.7,1
10.26,4.680000000000001,6.3,1.8,1
9.9,4.32,6.84,1.9800000000000002,1
9.9,4.32,6.66,1.8,1
10.44,4.86,7.02,2.16,1
10.8,4.86,9.18,2.8800000000000003,1
9.72,5.4,8.1,2.7,1
10.8,6.12,8.1,2.8800000000000003,1
12.06,5.58,8.46,2.7,1
11.34,4.14,7.920000000000001,2.3400000000000003,1
10.08,5.4,7.38,2.3400000000000003,1
9.9,4.5,7.2,2.3400000000000003,1
9.9,4.680000000000001,7.920000000000001,2.16,1
10.98,5.4,8.28,2.52,1
10.44,4.680000000000001,7.2,2.16,1
9.0,4.14,5.9399999999999995,1.8,1
10.08,4.86,7.5600000000000005,2.3400000000000003,1
10.26,5.4,7.5600000000000005,2.16,1
10.26,5.22,7.5600000000000005,2.3400000000000003,1
11.16,5.22,7.74,2.3400000000000003,1
9.18,4.5,5.4,1.9800000000000002,1
10.26,5.04,7.38,2.3400000000000003,1
11.34,5.9399999999999995,10.8,4.5,2
10.44,4.86,9.18,3.42,2
12.78,5.4,10.620000000000001,3.7800000000000002,2
11.34,5.22,10.08,3.24,2
11.700000000000001,5.4,10.44,3.9600000000000004,2
13.68,5.4,11.879999999999999,3.7800000000000002,2
8.82,4.5,8.1,3.06,2
13.14,5.22,11.34,3.24,2
12.06,4.5,10.44,3.24,2
12.96,6.48,10.98,4.5,2
11.700000000000001,5.760000000000001,9.18,3.6,2
11.520000000000001,4.86,9.54,3.42,2
12.24,5.4,9.9,3.7800000000000002,2
10.26,4.5,9.0,3.6,2
10.44,5.04,9.18,4.32,2
11.520000000000001,5.760000000000001,9.54,4.14,2
11.700000000000001,5.4,9.9,3.24,2
13.860000000000001,6.84,12.06,3.9600000000000004,2
13.860000000000001,4.680000000000001,12.420000000000002,4.14,2
10.8,3.9600000000000004,9.0,2.7,2
12.420000000000002,5.760000000000001,10.26,4.14,2
10.08,5.04,8.82,3.6,2
13.860000000000001,5.04,12.06,3.6,2
11.34,4.86,8.82,3.24,2
12.06,5.9399999999999995,10.26,3.7800000000000002,2
12.96,5.760000000000001,10.8,3.24,2
11.16,5.04,8.64,3.24,2
10.98,5.4,8.82,3.24,2
11.520000000000001,5.04,10.08,3.7800000000000002,2
12.96,5.4,10.44,2.8800000000000003,2
13.32,5.04,10.98,3.42,2
14.22,6.84,11.520000000000001,3.6,2
11.520000000000001,5.04,10.08,3.9600000000000004,2
11.34,5.04,9.18,2.7,2
10.98,4.680000000000001,10.08,2.52,2
13.860000000000001,5.4,10.98,4.14,2
11.34,6.12,10.08,4.32,2
11.520000000000001,5.58,9.9,3.24,2
10.8,5.4,8.64,3.24,2
12.420000000000002,5.58,9.72,3.7800000000000002,2
12.06,5.58,10.08,4.32,2
12.420000000000002,5.58,9.18,4.14,2
10.44,4.86,9.18,3.42,2
12.24,5.760000000000001,10.620000000000001,4.14,2
12.06,5.9399999999999995,10.26,4.5,2
12.06,5.4,9.360000000000001,4.14,2
11.34,4.5,9.0,3.42,2
11.700000000000001,5.4,9.360000000000001,3.6,2
11.16,6.12,9.72,4.14,2
10.620000000000001,5.4,9.18,3.24,2
